table_name,rows,columns,has_da_code,csv_path,parquet_path
age_sex_core,30,43,True,c:\Users\m_hamsai\OneDrive - Concordia University - Canada\PhD Research\Codes and Projects\synthetic-population-qc\examples\sample_plateau_30das\processed_input_cache\context\age_sex_core.csv,c:\Users\m_hamsai\OneDrive - Concordia University - Canada\PhD Research\Codes and Projects\synthetic-population-qc\examples\sample_plateau_30das\processed_input_cache\context\age_sex_core.parquet
commute,30,33,True,c:\Users\m_hamsai\OneDrive - Concordia University - Canada\PhD Research\Codes and Projects\synthetic-population-qc\examples\sample_plateau_30das\processed_input_cache\context\commute.csv,c:\Users\m_hamsai\OneDrive - Concordia University - Canada\PhD Research\Codes and Projects\synthetic-population-qc\examples\sample_plateau_30das\processed_input_cache\context\commute.parquet
dwelling_characteristics,30,12,True,c:\Users\m_hamsai\OneDrive - Concordia University - Canada\PhD Research\Codes and Projects\synthetic-population-qc\examples\sample_plateau_30das\processed_input_cache\context\dwelling_characteristics.csv,c:\Users\m_hamsai\OneDrive - Concordia University - Canada\PhD Research\Codes and Projects\synthetic-population-qc\examples\sample_plateau_30das\processed_input_cache\context\dwelling_characteristics.parquet
education_detailed,30,6,True,c:\Users\m_hamsai\OneDrive - Concordia University - Canada\PhD Research\Codes and Projects\synthetic-population-qc\examples\sample_plateau_30das\processed_input_cache\context\education_detailed.csv,c:\Users\m_hamsai\OneDrive - Concordia University - Canada\PhD Research\Codes and Projects\synthetic-population-qc\examples\sample_plateau_30das\processed_input_cache\context\education_detailed.parquet
household_type_size_detailed,30,14,True,c:\Users\m_hamsai\OneDrive - Concordia University - Canada\PhD Research\Codes and Projects\synthetic-population-qc\examples\sample_plateau_30das\processed_input_cache\context\household_type_size_detailed.csv,c:\Users\m_hamsai\OneDrive - Concordia University - Canada\PhD Research\Codes and Projects\synthetic-population-qc\examples\sample_plateau_30das\processed_input_cache\context\household_type_size_detailed.parquet
housing,30,26,True,c:\Users\m_hamsai\OneDrive - Concordia University - Canada\PhD Research\Codes and Projects\synthetic-population-qc\examples\sample_plateau_30das\processed_input_cache\context\housing.csv,c:\Users\m_hamsai\OneDrive - Concordia University - Canada\PhD Research\Codes and Projects\synthetic-population-qc\examples\sample_plateau_30das\processed_input_cache\context\housing.parquet
immigration_citizenship,30,12,True,c:\Users\m_hamsai\OneDrive - Concordia University - Canada\PhD Research\Codes and Projects\synthetic-population-qc\examples\sample_plateau_30das\processed_input_cache\context\immigration_citizenship.csv,c:\Users\m_hamsai\OneDrive - Concordia University - Canada\PhD Research\Codes and Projects\synthetic-population-qc\examples\sample_plateau_30das\processed_input_cache\context\immigration_citizenship.parquet
income_detailed,30,14,True,c:\Users\m_hamsai\OneDrive - Concordia University - Canada\PhD Research\Codes and Projects\synthetic-population-qc\examples\sample_plateau_30das\processed_input_cache\context\income_detailed.csv,c:\Users\m_hamsai\OneDrive - Concordia University - Canada\PhD Research\Codes and Projects\synthetic-population-qc\examples\sample_plateau_30das\processed_input_cache\context\income_detailed.parquet
labour_detailed,30,5,True,c:\Users\m_hamsai\OneDrive - Concordia University - Canada\PhD Research\Codes and Projects\synthetic-population-qc\examples\sample_plateau_30das\processed_input_cache\context\labour_detailed.csv,c:\Users\m_hamsai\OneDrive - Concordia University - Canada\PhD Research\Codes and Projects\synthetic-population-qc\examples\sample_plateau_30das\processed_input_cache\context\labour_detailed.parquet
